{"default:session_123": {"value": "{\"user\":\"admin\"}", "namespace": "default", "created_at": 1781193867.8206666, "last_access": 1781193867.8209293, "expires_at": 1781197467.8206666, "hits": 1}}